[{"id":"user-image-parking-area-scaled.jpg","publicUrl":"np://user.desktop.nicepage.com/Site_48181591/images/parking-area-scaled.jpg","size":1169760,"hash":"9/ADkSrwsGd19D2CBUb25OKQcz0=","fileName":"parking-area-scaled.jpg","name":"parking-area-scaled","width":2560,"height":1920,"thumbnail":{"url":"np://user.desktop.nicepage.com/Site_48181591/images/thumbnails/parking-area-scaled.jpg","width":250,"height":188},"folderId":null,"usages":["701204077"]},{"id":"user-image-office-room-scaled.jpg","publicUrl":"np://user.desktop.nicepage.com/Site_48181591/images/office-room-scaled.jpg","size":724526,"hash":"0fy0snX5H+GmJFMSdQnLXv5V7pc=","fileName":"office-room-scaled.jpg","name":"office-room-scaled","width":2560,"height":1707,"thumbnail":{"url":"np://user.desktop.nicepage.com/Site_48181591/images/thumbnails/office-room-scaled.jpg","width":250,"height":167},"folderId":null,"usages":["701204077"]},{"id":"user-image-class-room-1-scaled.jpg","publicUrl":"np://user.desktop.nicepage.com/Site_48181591/images/class-room-1-scaled.jpg","size":605950,"hash":"D4o3W6SGUJUYBhEXN7lIs6dUZGU=","fileName":"class-room-1-scaled.jpg","name":"class-room-1-scaled","width":2560,"height":1707,"thumbnail":{"url":"np://user.desktop.nicepage.com/Site_48181591/images/thumbnails/class-room-1-scaled.jpg","width":250,"height":167},"folderId":null,"usages":["701204077"]},{"id":"user-image-ladies-waithing-hall-toilet-scaled.jpg","publicUrl":"np://user.desktop.nicepage.com/Site_48181591/images/ladies-waithing-hall-toilet-scaled.jpg","size":718498,"hash":"gq3GL5VasyCmsnzVMac+aRNalrs=","fileName":"ladies-waithing-hall-toilet-scaled.jpg","name":"ladies-waithing-hall-toilet-scaled","width":2560,"height":1707,"thumbnail":{"url":"np://user.desktop.nicepage.com/Site_48181591/images/thumbnails/ladies-waithing-hall-toilet-scaled.jpg","width":250,"height":167},"folderId":null,"usages":["701204077"]},{"id":"user-image-staff-room.jpg","publicUrl":"np://user.desktop.nicepage.com/Site_48181591/images/staff-room.jpg","size":315601,"hash":"zP3WTm+sokdAaqmbwo8GcAEJpto=","fileName":"staff-room.jpg","name":"staff-room","width":1080,"height":720,"thumbnail":{"url":"np://user.desktop.nicepage.com/Site_48181591/images/thumbnails/staff-room.jpg","width":250,"height":167},"folderId":null,"usages":["701204077"]},{"id":"user-image-semenar-hall.jpg","publicUrl":"np://user.desktop.nicepage.com/Site_48181591/images/semenar-hall.jpg","size":372311,"hash":"dgxYMCNH5foQ/a2eVpljUxBFZ+8=","fileName":"semenar-hall.jpg","name":"semenar-hall","width":1080,"height":720,"thumbnail":{"url":"np://user.desktop.nicepage.com/Site_48181591/images/thumbnails/semenar-hall.jpg","width":250,"height":167},"folderId":null,"usages":["701204077"]},{"id":"user-image-science-lab-1.jpg","publicUrl":"np://user.desktop.nicepage.com/Site_48181591/images/science-lab-1.jpg","size":359689,"hash":"+JCPldMzmn1SOGKCeTHCFgsQQoE=","fileName":"science-lab-1.jpg","name":"science-lab-1","width":1080,"height":720,"thumbnail":{"url":"np://user.desktop.nicepage.com/Site_48181591/images/thumbnails/science-lab-1.jpg","width":250,"height":167},"folderId":null,"usages":["701204077"]},{"id":"user-image-mathematics-lab.jpg","publicUrl":"np://user.desktop.nicepage.com/Site_48181591/images/mathematics-lab.jpg","size":399425,"hash":"cTs9y41XODR2huJZfvfCrFUNKG0=","fileName":"mathematics-lab.jpg","name":"mathematics-lab","width":1080,"height":720,"thumbnail":{"url":"np://user.desktop.nicepage.com/Site_48181591/images/thumbnails/mathematics-lab.jpg","width":250,"height":167},"folderId":null,"usages":["701204077"]},{"id":"user-image-psychology-lab.jpg","publicUrl":"np://user.desktop.nicepage.com/Site_48181591/images/psychology-lab.jpg","size":315639,"hash":"yep6WfpvcbDRF48IH6e73xwZF4A=","fileName":"psychology-lab.jpg","name":"psychology-lab","width":1080,"height":720,"thumbnail":{"url":"np://user.desktop.nicepage.com/Site_48181591/images/thumbnails/psychology-lab.jpg","width":250,"height":167},"folderId":null,"usages":["701204077"]},{"id":"user-image-social-studies-lab.jpg","publicUrl":"np://user.desktop.nicepage.com/Site_48181591/images/social-studies-lab.jpg","size":457514,"hash":"pCRxtFn4YQLrkCLY49GDqWAhJg4=","fileName":"social-studies-lab.jpg","name":"social-studies-lab","width":1080,"height":720,"thumbnail":{"url":"np://user.desktop.nicepage.com/Site_48181591/images/thumbnails/social-studies-lab.jpg","width":250,"height":167},"folderId":null,"usages":["701204077"]},{"id":"user-image-principal-room.jpg","publicUrl":"np://user.desktop.nicepage.com/Site_48181591/images/principal-room.jpg","size":289597,"hash":"wWUyY5MynDOAs1AtwbEIe9TU1ds=","fileName":"principal-room.jpg","name":"principal-room","width":1080,"height":720,"thumbnail":{"url":"np://user.desktop.nicepage.com/Site_48181591/images/thumbnails/principal-room.jpg","width":250,"height":167},"folderId":null,"usages":["701204077"]},{"id":"user-image-computer-lab.jpg","publicUrl":"np://user.desktop.nicepage.com/Site_48181591/images/computer-lab.jpg","size":386422,"hash":"me5bMQnvIOlevrC71YD187azxGY=","fileName":"computer-lab.jpg","name":"computer-lab","width":1080,"height":720,"thumbnail":{"url":"np://user.desktop.nicepage.com/Site_48181591/images/thumbnails/computer-lab.jpg","width":250,"height":167},"folderId":null,"usages":["701204077"]},{"id":"user-image-library-room-scaled.jpg","publicUrl":"np://user.desktop.nicepage.com/Site_48181591/images/library-room-scaled.jpg","size":956285,"hash":"EtSdQ83gPd8Vxr/XusvmKIyQG+A=","fileName":"library-room-scaled.jpg","name":"library-room-scaled","width":2560,"height":1707,"thumbnail":{"url":"np://user.desktop.nicepage.com/Site_48181591/images/thumbnails/library-room-scaled.jpg","width":250,"height":167},"folderId":null,"usages":["2149604401"]},{"id":"user-image-rammohan.jpg","publicUrl":"np://user.desktop.nicepage.com/Site_48181591/images/rammohan.jpg","size":34161,"hash":"sngBBpxuP3hcUUvg6ckhUpFBZO8=","fileName":"rammohan.jpg","name":"rammohan","width":264,"height":347,"thumbnail":{"url":"np://user.desktop.nicepage.com/Site_48181591/images/thumbnails/rammohan.jpg","width":190,"height":250},"folderId":null,"usages":["184476342"]},{"id":"user-image-venkataramana.jpg","publicUrl":"np://user.desktop.nicepage.com/Site_48181591/images/venkataramana.jpg","size":26196,"hash":"Nxofn45ZDkIq1XtIAdaWQ1z7l4g=","fileName":"venkataramana.jpg","name":"venkataramana","width":239,"height":292,"thumbnail":{"url":"np://user.desktop.nicepage.com/Site_48181591/images/thumbnails/venkataramana.jpg","width":205,"height":250},"folderId":null,"usages":["184476342"]},{"id":"user-image-madhavi.jpg","publicUrl":"np://user.desktop.nicepage.com/Site_48181591/images/madhavi.jpg","size":25339,"hash":"RiyFu/GfyMgaQRrfKd49DMVDh0E=","fileName":"madhavi.jpg","name":"madhavi","width":237,"height":262,"thumbnail":{"url":"np://user.desktop.nicepage.com/Site_48181591/images/thumbnails/madhavi.jpg","width":226,"height":250},"folderId":null,"usages":["184476342"]},{"id":"user-image-social.jpg","publicUrl":"np://user.desktop.nicepage.com/Site_48181591/images/social.jpg","size":25785,"hash":"FEs3i6313p0yATaXw7nORs7JFr4=","fileName":"social.jpg","name":"social","width":235,"height":267,"thumbnail":{"url":"np://user.desktop.nicepage.com/Site_48181591/images/thumbnails/social.jpg","width":220,"height":250},"folderId":null,"usages":["184476342"]},{"id":"user-image-Dr.-K.Rajkumar-Secretary-Correspondent.jpg","publicUrl":"np://user.desktop.nicepage.com/Site_48181591/images/Dr.-K.Rajkumar-Secretary-Correspondent.jpg","size":19610,"hash":"0KmTTeQgRWkwRMOuT2bUq/RZ+lg=","fileName":"Dr.-K.Rajkumar-Secretary-Correspondent.jpg","name":"Dr.-K.Rajkumar-Secretary-Correspondent","width":270,"height":341,"thumbnail":{"url":"np://user.desktop.nicepage.com/Site_48181591/images/thumbnails/Dr.-K.Rajkumar-Secretary-Correspondent.jpg","width":198,"height":250},"folderId":null,"usages":["184476342"]},{"id":"user-image-bio.jpg","publicUrl":"np://user.desktop.nicepage.com/Site_48181591/images/bio.jpg","size":28121,"hash":"bcJ5C/zhqOT5uGfgsxQYL3BrIgc=","fileName":"bio.jpg","name":"bio","width":275,"height":276,"thumbnail":{"url":"np://user.desktop.nicepage.com/Site_48181591/images/thumbnails/bio.jpg","width":249,"height":250},"folderId":null,"usages":["184476342"]},{"id":"user-image-garividi-at-cpp-building-photo.jpg","publicUrl":"np://user.desktop.nicepage.com/Site_48181591/images/garividi-at-cpp-building-photo.jpg","size":139113,"hash":"4m1r+I3Rwa32H8E/S1B+6NeaCGk=","fileName":"garividi-at-cpp-building-photo.jpg","name":"garividi-at-cpp-building-photo","width":1219,"height":805,"thumbnail":{"url":"np://user.desktop.nicepage.com/Site_48181591/images/thumbnails/garividi-at-cpp-building-photo.jpg","width":250,"height":165},"folderId":null,"usages":["901810880"]},{"id":"user-image-Logo-updated-400x135.png","publicUrl":"np://user.desktop.nicepage.com/Site_48181591/images/Logo-updated-400x135.png","size":50144,"hash":"9ry0DrjRZzrCbEbos9vVxJBSzJk=","fileName":"Logo-updated-400x135.png","name":"Logo-updated-400x135","width":400,"height":135,"thumbnail":{"url":"np://user.desktop.nicepage.com/Site_48181591/images/thumbnails/Logo-updated-400x135.png","width":250,"height":84},"folderId":null,"usages":[]},{"id":"user-image-fddff-min.jpg","publicUrl":"np://user.desktop.nicepage.com/Site_48181591/images/fddff-min.jpg","size":132630,"hash":"1hjVRh7BBLVI7+QUzFhKV7gkRAQ=","fileName":"fddff-min.jpg","name":"fddff-min","width":1400,"height":933,"thumbnail":{"url":"np://user.desktop.nicepage.com/Site_48181591/images/thumbnails/fddff-min.jpg","width":250,"height":167},"folderId":null,"originalUrl":"//images01.nicepage.com/c461c07a441a5d220e8feb1a/7ce91c9a35b35619b7adcc0a/fddff-min.jpg","usages":["525803126"]}]